<?xml version="1.0" encoding="utf-8"?>
<manifest identifier="ovBxHvLRiMHiD" xmlns="http://www.imsglobal.org/xsd/imscp_v1p1" xmlns:imsss="http://www.imsglobal.org/xsd/imsss" xmlns:adlcp="http://www.adlnet.org/xsd/adlcp_v1p3" xmlns:adlseq="http://www.adlnet.org/xsd/adlseq_v1p3" xmlns:adlnav="http://www.adlnet.org/xsd/adlnav_v1p3" xmlns:lom="http://ltsc.ieee.org/xsd/LOM" xmlns:xsi="http://www.w3.org/2001/XMLSchema-instance" xsi:schemaLocation="http://www.imsglobal.org/xsd/imscp_v1p1 imscp_v1p1.xsd http://www.imsglobal.org/xsd/imsss imsss_v1p0.xsd http://www.adlnet.org/xsd/adlcp_v1p3 adlcp_v1p3.xsd http://www.adlnet.org/xsd/adlseq_v1p3 adlseq_v1p3.xsd http://www.adlnet.org/xsd/adlnav_v1p3 adlnav_v1p3.xsd http://ltsc.ieee.org/xsd/LOM lom.xsd">
<metadata>
<schema>ADL SCORM</schema>
<schemaversion>CAM 1.3</schemaversion>
<lom:lom>
<lom:general>
<lom:title>
<lom:string>Presentation1</lom:string>
</lom:title>
</lom:general>
<lom:educational>
<lom:typicalLearningTime>
<lom:duration>PT1H0M0S</lom:duration>
</lom:typicalLearningTime>
</lom:educational>
<lom:metaMetadata>
<lom:metadataSchema>LOMv1.0</lom:metadataSchema>
<lom:metadataSchema>SCORM_CAM_v1.3</lom:metadataSchema>
</lom:metaMetadata>
</lom:lom>
</metadata>
<organizations default="presentation1_organization">
<organization identifier="presentation1_organization">
<title>Presentation1</title>
<item identifier="F371F8ED-BC09-4327-9D6B-D3A8834EAC52" identifierref="resource">
<title>Presentation1</title>
<imsss:sequencing>
<imsss:deliveryControls completionSetByContent="true" objectiveSetByContent="true"/>
</imsss:sequencing>
</item>
<imsss:sequencing>
<imsss:controlMode flow="true"/>
</imsss:sequencing>
</organization>
</organizations>
<resources>
<resource identifier="resource" type="webcontent" adlcp:scormType="sco" href="res/index.html">
<file href="res/index.html"/>
<file href="res/lms.js"/>
<file href="res/data/thmb1.png"/>
<file href="res/data/quiz1.js"/>
<file href="res/data/quiz1/audios/snd-463dd1c0db4f81dc253341d4c3b016f8e29f7795.mp3"/>
<file href="res/data/quiz1/audios/snd-58de2f271383aaef93cd4e57d483adc69e982e22.mp3"/>
<file href="res/data/quiz1/fonts/fnt0.woff"/>
<file href="res/data/quiz1/images/img-5687ce52ecf44d1b86d4c069436ea0138a240567.png"/>
<file href="res/data/quiz1/images/img-6fa80449c492356eadc7de45480c5852becda468.png"/>
<file href="res/data/quiz1/images/img-85373e716cfe8461528ad1b9821581fcfc3f0778.png"/>
<file href="res/data/quiz1/images/img-88acc7f99ab638b8b74e6d57d51a031d8a8cb3e6.jpg"/>
<file href="res/data/quiz1/images/quiz_bg_0.png"/>
<file href="res/data/quizplayer.js"/>
<file href="res/index.html"/>
<file href="res/data/player.js"/>
<file href="res/data/eraser.cur"/>
<file href="res/data/highlighter.cur"/>
<file href="res/data/marker.cur"/>
<file href="res/data/lock.cur"/>
<file href="res/data/browsersupport.js"/>
<file href="res/data/apple-touch-icon.png"/>
<file href="res/data/favicon.ico"/>
<file href="res/data/fnt0.woff"/>
<file href="res/data/fnt1.woff"/>
<file href="res/data/fnt2.woff"/>
<file href="res/data/fnt3.woff"/>
<file href="res/data/fnt4.woff"/>
<file href="res/data/fnt5.woff"/>
<file href="res/data/fnt6.woff"/>
<file href="res/data/fnt7.woff"/>
<file href="res/data/html5-unsupported.html"/>
<file href="res/data/html5.png"/>
<file href="res/data/img0.png"/>
<file href="res/data/img1.png"/>
<file href="res/data/img2.png"/>
<file href="res/data/img3.png"/>
</resource>
</resources>
</manifest>
